<?xml version = '1.0' encoding = 'UTF-8'?>
<Diagram class="oracle.dbtools.crest.swingui.relational.DPVRelational" name="Relational_1" id="1CD27F03-3893-6C40-C94E-45FEB01B0A58">
<createdBy>Usuario</createdBy>
<modifiedBy>Usuario</modifiedBy>
<createdTime>2024-05-09 00:01:24 UTC</createdTime>
<autoRoute>false</autoRoute>
<boxInbox>true</boxInbox>
<showLegend>false</showLegend>
<showLabels>false</showLabels>
<showRelAttributes>false</showRelAttributes>
<gridEnabled>false</gridEnabled>
<showGrid>false</showGrid>
<diagramColor>-1</diagramColor>
<display>false</display>
<notation>1</notation>
<objectViews>
<OView class="oracle.dbtools.crest.swingui.relational.TVTable" oid="0009AF54-E14E-4ABD-7A66-B9ECF4FBD2C8" otype="Table" vid="5DDAB915-8A50-DDDA-71E3-FC30FD549CE6">
<hideElementsInCurrentOnly>false</hideElementsInCurrentOnly>
<bounds x="256" y="389" width="308" height="140"/>
</OView>
<OView class="oracle.dbtools.crest.swingui.relational.TVTable" oid="0E22E7B6-A0F5-1F5B-D292-A07364848318" otype="Table" vid="8A94CAE2-8EBF-4A1F-7F32-BB095F2EF7DC">
<hideElementsInCurrentOnly>false</hideElementsInCurrentOnly>
<bounds x="759" y="188" width="278" height="149"/>
</OView>
<OView class="oracle.dbtools.crest.swingui.relational.TVTable" oid="2277050E-CBC1-BC85-C6C8-166D7B133872" otype="Table" vid="7341D3DB-23C2-C3FC-4D0E-91817FED5992">
<hideElementsInCurrentOnly>false</hideElementsInCurrentOnly>
<bounds x="30" y="216" width="203" height="110"/>
</OView>
<OView class="oracle.dbtools.crest.swingui.relational.TVTable" oid="24DD5072-6AF1-AA75-3852-D1E297AD91BD" otype="Table" vid="8D0A925A-D7DF-5E97-733F-92B274B03397">
<hideElementsInCurrentOnly>false</hideElementsInCurrentOnly>
<bounds x="580" y="39" width="324" height="110"/>
</OView>
<OView class="oracle.dbtools.crest.swingui.relational.TVTable" oid="44AE573A-F907-E205-36DD-4C917EE77260" otype="Table" vid="5F2A50B9-EF99-5207-8DD9-9B4A614F9D15">
<hideElementsInCurrentOnly>false</hideElementsInCurrentOnly>
<bounds x="299" y="21" width="240" height="142"/>
</OView>
<OView class="oracle.dbtools.crest.swingui.relational.TVTable" oid="50441BC4-5F29-FDA8-2F01-4053D51AE9CF" otype="Table" vid="2558EB6D-5EC3-6604-1F7B-7CB80212F189">
<hideElementsInCurrentOnly>false</hideElementsInCurrentOnly>
<bounds x="22" y="387" width="180" height="110"/>
</OView>
<OView class="oracle.dbtools.crest.swingui.relational.TVTable" oid="52A35075-489E-951F-528F-70D1732BEC75" otype="Table" vid="30CDF168-96D6-C8A1-7757-39BA700DD6A2">
<hideElementsInCurrentOnly>false</hideElementsInCurrentOnly>
<bounds x="1089" y="359" width="218" height="108"/>
</OView>
<OView class="oracle.dbtools.crest.swingui.relational.TVTable" oid="88D5C475-18ED-7D84-D7E6-5F9294FBF8F6" otype="Table" vid="87EB171F-D61F-C089-755C-EDEC5E4F591D">
<hideElementsInCurrentOnly>false</hideElementsInCurrentOnly>
<bounds x="1082" y="197" width="214" height="114"/>
</OView>
<OView class="oracle.dbtools.crest.swingui.relational.TVTable" oid="991ED441-5F54-968C-74D6-B488ED58BC3F" otype="Table" vid="576F4E08-F0D0-B67B-524F-EC68423FF920">
<hideElementsInCurrentOnly>false</hideElementsInCurrentOnly>
<bounds x="116" y="559" width="274" height="128"/>
</OView>
<OView class="oracle.dbtools.crest.swingui.relational.TVTable" oid="B5217F67-722C-B46B-1528-5D71B9379850" otype="Table" vid="114E99CB-28F5-6E2D-5855-8D801F68268B">
<hideElementsInCurrentOnly>false</hideElementsInCurrentOnly>
<bounds x="1089" y="509" width="219" height="111"/>
</OView>
<OView class="oracle.dbtools.crest.swingui.relational.TVTable" oid="CA9642B4-2B40-EACF-9B11-FBA0E1E8A3EE" otype="Table" vid="637298B8-B129-FE10-9D03-C5E5E4CB526C">
<hideElementsInCurrentOnly>false</hideElementsInCurrentOnly>
<bounds x="292" y="203" width="225" height="131"/>
</OView>
<OView class="oracle.dbtools.crest.swingui.relational.TVTable" oid="D9AFE0A1-C75C-8A68-7FA6-B85204A51D63" otype="Table" vid="5366D0FF-BB32-E9C7-414A-C7BA9F174833">
<hideElementsInCurrentOnly>false</hideElementsInCurrentOnly>
<bounds x="1089" y="658" width="219" height="79"/>
</OView>
<OView class="oracle.dbtools.crest.swingui.relational.TVTable" oid="DDB8DCF0-48CF-771C-EFD4-46CE0782778E" otype="Table" vid="37539C1C-CD5C-E16F-EFED-BDE0C7DE48B1">
<hideElementsInCurrentOnly>false</hideElementsInCurrentOnly>
<bounds x="26" y="52" width="229" height="100"/>
</OView>
<OView class="oracle.dbtools.crest.swingui.relational.TVTable" oid="FE2A75D8-C506-7640-9AF1-634AB500DD52" otype="Table" vid="7F160C84-612B-88C4-EAB1-40D811A85E5B">
<hideElementsInCurrentOnly>false</hideElementsInCurrentOnly>
<bounds x="1071" y="7" width="244" height="151"/>
</OView>
</objectViews>
<connectors>
<Connector class="oracle.dbtools.crest.swingui.relational.TVFKRelation" oid="05D02C79-7249-1277-CCCE-A609CD1ABA46" otype="FKIndexAssociation" vid_source="37539C1C-CD5C-E16F-EFED-BDE0C7DE48B1" vid_target="5F2A50B9-EF99-5207-8DD9-9B4A614F9D15">
<hideElementsInCurrentOnly>false</hideElementsInCurrentOnly>
<backgroundColor>-16777216</backgroundColor>
<lineWidth>1</lineWidth>
<points>
<point x="255" y="102"/>
<point x="299" y="102"/>
</points>
</Connector>
<Connector class="oracle.dbtools.crest.swingui.relational.TVFKRelation" oid="0C0836B1-3742-785F-514C-42F69FEBA953" otype="FKIndexAssociation" vid_source="30CDF168-96D6-C8A1-7757-39BA700DD6A2" vid_target="87EB171F-D61F-C089-755C-EDEC5E4F591D">
<hideElementsInCurrentOnly>false</hideElementsInCurrentOnly>
<backgroundColor>-16777216</backgroundColor>
<lineWidth>1</lineWidth>
<points>
<point x="1192" y="359"/>
<point x="1192" y="311"/>
</points>
</Connector>
<Connector class="oracle.dbtools.crest.swingui.relational.TVFKRelation" oid="1BD3526C-3874-F6C1-CA90-6A9DCB6BA23C" otype="FKIndexAssociation" vid_source="576F4E08-F0D0-B67B-524F-EC68423FF920" vid_target="5DDAB915-8A50-DDDA-71E3-FC30FD549CE6">
<hideElementsInCurrentOnly>false</hideElementsInCurrentOnly>
<backgroundColor>-16777216</backgroundColor>
<lineWidth>1</lineWidth>
<points>
<point x="323" y="559"/>
<point x="323" y="529"/>
</points>
</Connector>
<Connector class="oracle.dbtools.crest.swingui.relational.TVFKRelation" oid="35442413-5134-E030-E41D-01060B041BB7" otype="FKIndexAssociation" vid_source="7341D3DB-23C2-C3FC-4D0E-91817FED5992" vid_target="637298B8-B129-FE10-9D03-C5E5E4CB526C">
<hideElementsInCurrentOnly>false</hideElementsInCurrentOnly>
<backgroundColor>-16777216</backgroundColor>
<lineWidth>1</lineWidth>
<points>
<point x="233" y="271"/>
<point x="292" y="271"/>
</points>
</Connector>
<Connector class="oracle.dbtools.crest.swingui.relational.TVFKRelation" oid="36A2DA4B-68CA-D280-EB1E-254213AAE44D" otype="FKIndexAssociation" vid_source="2558EB6D-5EC3-6604-1F7B-7CB80212F189" vid_target="576F4E08-F0D0-B67B-524F-EC68423FF920">
<hideElementsInCurrentOnly>false</hideElementsInCurrentOnly>
<backgroundColor>-16777216</backgroundColor>
<lineWidth>1</lineWidth>
<points>
<point x="159" y="497"/>
<point x="159" y="559"/>
</points>
</Connector>
<Connector class="oracle.dbtools.crest.swingui.relational.TVFKRelation" oid="48114422-1120-EF43-2FB2-5AF9430DA9DE" otype="FKIndexAssociation" vid_source="7F160C84-612B-88C4-EAB1-40D811A85E5B" vid_target="8A94CAE2-8EBF-4A1F-7F32-BB095F2EF7DC">
<hideElementsInCurrentOnly>false</hideElementsInCurrentOnly>
<backgroundColor>-16777216</backgroundColor>
<lineWidth>1</lineWidth>
<points>
<point x="1071" y="156"/>
<point x="1020" y="188"/>
</points>
</Connector>
<Connector class="oracle.dbtools.crest.swingui.relational.TVFKRelation" oid="7CF731AC-4E8E-5CAA-0FAF-765B523E66FA" otype="FKIndexAssociation" vid_source="5366D0FF-BB32-E9C7-414A-C7BA9F174833" vid_target="114E99CB-28F5-6E2D-5855-8D801F68268B">
<hideElementsInCurrentOnly>false</hideElementsInCurrentOnly>
<backgroundColor>-16777216</backgroundColor>
<lineWidth>1</lineWidth>
<points>
<point x="1198" y="658"/>
<point x="1198" y="620"/>
</points>
</Connector>
<Connector class="oracle.dbtools.crest.swingui.relational.TVFKRelation" oid="850DCDB5-A64A-2997-D279-80C6101A9F99" otype="FKIndexAssociation" vid_source="637298B8-B129-FE10-9D03-C5E5E4CB526C" vid_target="5DDAB915-8A50-DDDA-71E3-FC30FD549CE6">
<hideElementsInCurrentOnly>false</hideElementsInCurrentOnly>
<backgroundColor>-16777216</backgroundColor>
<lineWidth>1</lineWidth>
<points>
<point x="404" y="334"/>
<point x="404" y="389"/>
</points>
</Connector>
<Connector class="oracle.dbtools.crest.swingui.relational.TVFKRelation" oid="89A8AC8A-DD5E-B213-0FE3-49EBEC6E9C87" otype="FKIndexAssociation" vid_source="8A94CAE2-8EBF-4A1F-7F32-BB095F2EF7DC" vid_target="8D0A925A-D7DF-5E97-733F-92B274B03397">
<hideElementsInCurrentOnly>false</hideElementsInCurrentOnly>
<backgroundColor>-16777216</backgroundColor>
<lineWidth>1</lineWidth>
<points>
<point x="831" y="188"/>
<point x="831" y="149"/>
</points>
</Connector>
<Connector class="oracle.dbtools.crest.swingui.relational.TVFKRelation" oid="963B6C6D-A0CC-949A-4F4B-A7AAAB5B562F" otype="FKIndexAssociation" vid_source="7341D3DB-23C2-C3FC-4D0E-91817FED5992" vid_target="2558EB6D-5EC3-6604-1F7B-7CB80212F189">
<hideElementsInCurrentOnly>false</hideElementsInCurrentOnly>
<backgroundColor>-16777216</backgroundColor>
<lineWidth>1</lineWidth>
<points>
<point x="116" y="326"/>
<point x="116" y="387"/>
</points>
</Connector>
<Connector class="oracle.dbtools.crest.swingui.relational.TVFKRelation" oid="A8B7D5A4-DFB7-D490-C34D-0C0D2C99EE75" otype="FKIndexAssociation" vid_source="37539C1C-CD5C-E16F-EFED-BDE0C7DE48B1" vid_target="637298B8-B129-FE10-9D03-C5E5E4CB526C">
<hideElementsInCurrentOnly>false</hideElementsInCurrentOnly>
<backgroundColor>-16777216</backgroundColor>
<lineWidth>1</lineWidth>
<points>
<point x="219" y="152"/>
<point x="300" y="203"/>
</points>
</Connector>
<Connector class="oracle.dbtools.crest.swingui.relational.TVFKRelation" oid="A9935842-B74B-60BD-0C2F-4C8DEF12FB5C" otype="FKIndexAssociation" vid_source="87EB171F-D61F-C089-755C-EDEC5E4F591D" vid_target="7F160C84-612B-88C4-EAB1-40D811A85E5B">
<hideElementsInCurrentOnly>false</hideElementsInCurrentOnly>
<backgroundColor>-16777216</backgroundColor>
<lineWidth>1</lineWidth>
<points>
<point x="1189" y="197"/>
<point x="1189" y="158"/>
</points>
</Connector>
<Connector class="oracle.dbtools.crest.swingui.relational.TVFKRelation" oid="B65B75A3-089E-511F-FEC7-2C74B26E5364" otype="FKIndexAssociation" vid_source="5F2A50B9-EF99-5207-8DD9-9B4A614F9D15" vid_target="8D0A925A-D7DF-5E97-733F-92B274B03397">
<hideElementsInCurrentOnly>false</hideElementsInCurrentOnly>
<backgroundColor>-16777216</backgroundColor>
<lineWidth>1</lineWidth>
<points>
<point x="539" y="94"/>
<point x="580" y="94"/>
</points>
</Connector>
<Connector class="oracle.dbtools.crest.swingui.relational.TVFKRelation" oid="EE70F6F6-E48B-217D-0E71-34EB31885C43" otype="FKIndexAssociation" vid_source="114E99CB-28F5-6E2D-5855-8D801F68268B" vid_target="30CDF168-96D6-C8A1-7757-39BA700DD6A2">
<hideElementsInCurrentOnly>false</hideElementsInCurrentOnly>
<backgroundColor>-16777216</backgroundColor>
<lineWidth>1</lineWidth>
<points>
<point x="1198" y="509"/>
<point x="1198" y="467"/>
</points>
</Connector>
</connectors>
</Diagram>