<?xml version = '1.0' encoding = 'UTF-8'?>
<Table class="oracle.dbtools.crest.model.design.relational.Table" directorySegmentName="seg_0" id="24DD5072-6AF1-AA75-3852-D1E297AD91BD" name="local_item_descarte">
<createdBy>Usuario</createdBy>
<createdTime>2024-05-09 01:02:56 UTC</createdTime>
<ownerDesignName>Modelo lógico BD TCC</ownerDesignName>
<ordsAlias>table_16</ordsAlias>
<allowColumnReorder>false</allowColumnReorder>
<existDependencyGenerateInDDl>true</existDependencyGenerateInDDl>
<parsed>true</parsed>
<columns itemClass="oracle.dbtools.crest.model.design.relational.Column">
<Column name="item_descarte_id" id="73FDD229-F65A-5A7F-1559-B3BA29D86E60">
<createdBy>Usuario</createdBy>
<createdTime>2024-05-09 01:03:23 UTC</createdTime>
<ownerDesignName>Modelo lógico BD TCC</ownerDesignName>
<useDomainConstraints>false</useDomainConstraints>
<use>1</use>
<logicalDatatype>LOGDT011</logicalDatatype>
<ownDataTypeParameters>,,</ownDataTypeParameters>
<previousColumn>false</previousColumn>
<autoIncrementCycle>false</autoIncrementCycle>
<associations>
<colAssociation fkAssociation="B65B75A3-089E-511F-FEC7-2C74B26E5364" referredColumn="7F7C4D51-A869-20DF-15A0-FEBFBAEDBC7D"/>
</associations>
</Column>
<Column name="local_descarte_id" id="7E492EC2-6973-38D1-1F60-A19E2385A8E9">
<createdBy>Usuario</createdBy>
<createdTime>2024-05-09 01:03:38 UTC</createdTime>
<ownerDesignName>Modelo lógico BD TCC</ownerDesignName>
<useDomainConstraints>false</useDomainConstraints>
<use>1</use>
<logicalDatatype>LOGDT011</logicalDatatype>
<ownDataTypeParameters>,,</ownDataTypeParameters>
<previousColumn>false</previousColumn>
<autoIncrementCycle>false</autoIncrementCycle>
<associations>
<colAssociation fkAssociation="89A8AC8A-DD5E-B213-0FE3-49EBEC6E9C87" referredColumn="9A5A08E4-3E91-E661-4CE0-9E75294AC711"/>
</associations>
</Column>
</columns>
<indexes itemClass="oracle.dbtools.crest.model.design.relational.Index">
<ind_PK_UK id="C85EEBB4-392E-E726-1468-4241147AA2BA" name="local_item_descarte_PK">
<createdBy>Usuario</createdBy>
<createdTime>2024-05-09 01:03:47 UTC</createdTime>
<ownerDesignName>Modelo lógico BD TCC</ownerDesignName>
<pk>true</pk>
<indexState>Primary Constraint</indexState>
<isSurrogateKey>false</isSurrogateKey>
<indexColumnUsage>
<colUsage columnID="73FDD229-F65A-5A7F-1559-B3BA29D86E60"/>
<colUsage columnID="7E492EC2-6973-38D1-1F60-A19E2385A8E9"/>
</indexColumnUsage>
</ind_PK_UK>
<ind_PK_UK id="7C28959D-9CCC-E414-563F-F501B7397F2B" name="local_item_descarte_item_descarte_FK">
<createdBy>Usuario</createdBy>
<createdTime>2024-05-09 01:03:23 UTC</createdTime>
<ownerDesignName>Modelo lógico BD TCC</ownerDesignName>
<indexState>Foreign Key</indexState>
<isSurrogateKey>false</isSurrogateKey>
<indexColumnUsage>
<colUsage columnID="73FDD229-F65A-5A7F-1559-B3BA29D86E60"/>
</indexColumnUsage>
</ind_PK_UK>
<ind_PK_UK id="E08F9F04-B06C-E9C3-C757-37A34F6DC1CF" name="local_item_descarte_local_descarte_FK">
<createdBy>Usuario</createdBy>
<createdTime>2024-05-09 01:03:38 UTC</createdTime>
<ownerDesignName>Modelo lógico BD TCC</ownerDesignName>
<indexState>Foreign Key</indexState>
<isSurrogateKey>false</isSurrogateKey>
<indexColumnUsage>
<colUsage columnID="7E492EC2-6973-38D1-1F60-A19E2385A8E9"/>
</indexColumnUsage>
</ind_PK_UK>
</indexes>
</Table>