<?xml version = '1.0' encoding = 'UTF-8'?>
<Table class="oracle.dbtools.crest.model.design.relational.Table" directorySegmentName="seg_0" id="88D5C475-18ED-7D84-D7E6-5F9294FBF8F6" name="bairro">
<createdBy>Usuario</createdBy>
<createdTime>2024-05-09 00:15:09 UTC</createdTime>
<ownerDesignName>Modelo lógico BD TCC</ownerDesignName>
<ordsAlias>table_6</ordsAlias>
<allowColumnReorder>false</allowColumnReorder>
<existDependencyGenerateInDDl>true</existDependencyGenerateInDDl>
<parsed>true</parsed>
<columns itemClass="oracle.dbtools.crest.model.design.relational.Column">
<Column name="id" id="D55483BA-A168-6D31-324A-03481847C8E3">
<createdBy>Usuario</createdBy>
<createdTime>2024-05-09 00:15:09 UTC</createdTime>
<ownerDesignName>Modelo lógico BD TCC</ownerDesignName>
<useDomainConstraints>false</useDomainConstraints>
<use>1</use>
<logicalDatatype>LOGDT011</logicalDatatype>
<ownDataTypeParameters>,,</ownDataTypeParameters>
<autoIncrementCycle>false</autoIncrementCycle>
</Column>
<Column name="nome" id="68F01167-B1D9-5360-D427-3E85F60F14D1">
<createdBy>Usuario</createdBy>
<createdTime>2024-05-09 00:15:09 UTC</createdTime>
<ownerDesignName>Modelo lógico BD TCC</ownerDesignName>
<useDomainConstraints>false</useDomainConstraints>
<use>1</use>
<logicalDatatype>LOGDT024</logicalDatatype>
<dataTypeSize>50 CHAR</dataTypeSize>
<ownDataTypeParameters>50 CHAR,,</ownDataTypeParameters>
<autoIncrementCycle>false</autoIncrementCycle>
</Column>
<Column name="cidade_id" id="83A0BE6A-C36E-A42D-8C17-CD2E261837A7">
<createdBy>Usuario</createdBy>
<createdTime>2024-05-09 00:15:09 UTC</createdTime>
<ownerDesignName>Modelo lógico BD TCC</ownerDesignName>
<useDomainConstraints>false</useDomainConstraints>
<use>1</use>
<logicalDatatype>LOGDT011</logicalDatatype>
<ownDataTypeParameters>,,</ownDataTypeParameters>
<previousColumn>false</previousColumn>
<autoIncrementCycle>false</autoIncrementCycle>
<associations>
<colAssociation fkAssociation="0C0836B1-3742-785F-514C-42F69FEBA953" referredColumn="B8487B04-021E-ABDA-FCC9-07B873039AF4"/>
</associations>
</Column>
</columns>
<indexes itemClass="oracle.dbtools.crest.model.design.relational.Index">
<ind_PK_UK id="BB0D91A7-E706-28EF-A803-70C710DB4CCC" name="bairro_PK">
<createdBy>Usuario</createdBy>
<createdTime>2024-05-09 00:15:09 UTC</createdTime>
<ownerDesignName>Modelo lógico BD TCC</ownerDesignName>
<pk>true</pk>
<indexState>Primary Constraint</indexState>
<isSurrogateKey>false</isSurrogateKey>
<indexColumnUsage>
<colUsage columnID="D55483BA-A168-6D31-324A-03481847C8E3"/>
</indexColumnUsage>
</ind_PK_UK>
<ind_PK_UK id="05429F90-2FD6-8FF8-A09C-381B3BD47850" name="bairro_cidade_FK">
<createdBy>Usuario</createdBy>
<createdTime>2024-05-09 00:15:10 UTC</createdTime>
<ownerDesignName>Modelo lógico BD TCC</ownerDesignName>
<indexState>Foreign Key</indexState>
<isSurrogateKey>false</isSurrogateKey>
<indexColumnUsage>
<colUsage columnID="83A0BE6A-C36E-A42D-8C17-CD2E261837A7"/>
</indexColumnUsage>
</ind_PK_UK>
</indexes>
</Table>