<?xml version = '1.0' encoding = 'UTF-8'?>
<Table class="oracle.dbtools.crest.model.design.relational.Table" directorySegmentName="seg_0" id="991ED441-5F54-968C-74D6-B488ED58BC3F" name="contato_consultoria">
<createdBy>Usuario</createdBy>
<createdTime>2024-05-09 00:24:13 UTC</createdTime>
<ownerDesignName>Modelo lógico BD TCC</ownerDesignName>
<ordsAlias>table_14</ordsAlias>
<allowColumnReorder>false</allowColumnReorder>
<existDependencyGenerateInDDl>true</existDependencyGenerateInDDl>
<parsed>true</parsed>
<columns itemClass="oracle.dbtools.crest.model.design.relational.Column">
<Column name="id" id="0A367C22-F4B0-2BD7-C854-695868FD7304">
<createdBy>Usuario</createdBy>
<createdTime>2024-05-09 00:25:05 UTC</createdTime>
<ownerDesignName>Modelo lógico BD TCC</ownerDesignName>
<useDomainConstraints>false</useDomainConstraints>
<use>1</use>
<logicalDatatype>LOGDT011</logicalDatatype>
<ownDataTypeParameters>,,</ownDataTypeParameters>
<autoIncrementCycle>false</autoIncrementCycle>
</Column>
<Column name="motivo" id="5EA690EA-9889-5495-FB65-C7E01A65CC71">
<createdBy>Usuario</createdBy>
<createdTime>2024-05-09 00:25:05 UTC</createdTime>
<ownerDesignName>Modelo lógico BD TCC</ownerDesignName>
<useDomainConstraints>false</useDomainConstraints>
<use>1</use>
<logicalDatatype>LOGDT024</logicalDatatype>
<dataTypeSize>30 CHAR</dataTypeSize>
<ownDataTypeParameters>30 CHAR,,</ownDataTypeParameters>
<autoIncrementCycle>false</autoIncrementCycle>
</Column>
<Column name="detalhes" id="170F262C-CCDD-3911-F0C9-EFA007EC2FF6">
<createdBy>Usuario</createdBy>
<createdTime>2024-05-09 00:25:05 UTC</createdTime>
<ownerDesignName>Modelo lógico BD TCC</ownerDesignName>
<useDomainConstraints>false</useDomainConstraints>
<use>1</use>
<logicalDatatype>LOGDT024</logicalDatatype>
<dataTypeSize>100 CHAR</dataTypeSize>
<ownDataTypeParameters>100 CHAR,,</ownDataTypeParameters>
<autoIncrementCycle>false</autoIncrementCycle>
</Column>
<Column name="usuario_pessoa_id" id="0971CDCE-7BAE-76AC-7320-BE1F354FF519">
<createdBy>Usuario</createdBy>
<createdTime>2024-05-09 00:35:33 UTC</createdTime>
<ownerDesignName>Modelo lógico BD TCC</ownerDesignName>
<useDomainConstraints>false</useDomainConstraints>
<use>1</use>
<logicalDatatype>LOGDT011</logicalDatatype>
<ownDataTypeParameters>,,</ownDataTypeParameters>
<previousColumn>false</previousColumn>
<autoIncrementCycle>false</autoIncrementCycle>
<associations>
<colAssociation fkAssociation="36A2DA4B-68CA-D280-EB1E-254213AAE44D" referredColumn="1D78C75D-E8B9-BB39-8DC8-2D56BAD42F17"/>
</associations>
</Column>
</columns>
<indexes itemClass="oracle.dbtools.crest.model.design.relational.Index">
<ind_PK_UK id="FBCFFF5C-3E04-8B4A-ABB9-8AC6282337DD" name="contato_consultoria_PK">
<createdBy>Usuario</createdBy>
<createdTime>2024-05-09 00:25:05 UTC</createdTime>
<ownerDesignName>Modelo lógico BD TCC</ownerDesignName>
<pk>true</pk>
<indexState>Primary Constraint</indexState>
<isSurrogateKey>false</isSurrogateKey>
<indexColumnUsage>
<colUsage columnID="0A367C22-F4B0-2BD7-C854-695868FD7304"/>
</indexColumnUsage>
</ind_PK_UK>
<ind_PK_UK id="CDD870E4-152D-58E7-6DBA-CAB7F73E013F" name="contato_consultoria_usuario_FK">
<createdBy>Usuario</createdBy>
<createdTime>2024-05-09 00:35:33 UTC</createdTime>
<ownerDesignName>Modelo lógico BD TCC</ownerDesignName>
<indexState>Foreign Key</indexState>
<isSurrogateKey>false</isSurrogateKey>
<indexColumnUsage>
<colUsage columnID="0971CDCE-7BAE-76AC-7320-BE1F354FF519"/>
</indexColumnUsage>
</ind_PK_UK>
</indexes>
</Table>