<?xml version = '1.0' encoding = 'UTF-8'?>
<Table class="oracle.dbtools.crest.model.design.relational.Table" directorySegmentName="seg_0" id="DDB8DCF0-48CF-771C-EFD4-46CE0782778E" name="empresa">
<createdBy>Usuario</createdBy>
<createdTime>2024-05-09 00:01:24 UTC</createdTime>
<ownerDesignName>Modelo lógico BD TCC</ownerDesignName>
<ordsAlias>table_1</ordsAlias>
<allowColumnReorder>false</allowColumnReorder>
<existDependencyGenerateInDDl>true</existDependencyGenerateInDDl>
<parsed>true</parsed>
<columns itemClass="oracle.dbtools.crest.model.design.relational.Column">
<Column name="id" id="B7FAE909-C249-982C-890C-C5394E4CFDDB">
<createdBy>Usuario</createdBy>
<createdTime>2024-05-09 00:04:00 UTC</createdTime>
<ownerDesignName>Modelo lógico BD TCC</ownerDesignName>
<useDomainConstraints>false</useDomainConstraints>
<use>1</use>
<logicalDatatype>LOGDT011</logicalDatatype>
<ownDataTypeParameters>,,</ownDataTypeParameters>
<autoIncrementColumn>true</autoIncrementColumn>
<identityColumn>true</identityColumn>
<autoIncrementCycle>false</autoIncrementCycle>
</Column>
<Column name="nome" id="12C8C01D-67BE-BCD8-9649-FDB97DCC4BC1">
<createdBy>Usuario</createdBy>
<createdTime>2024-05-09 00:04:00 UTC</createdTime>
<ownerDesignName>Modelo lógico BD TCC</ownerDesignName>
<useDomainConstraints>false</useDomainConstraints>
<use>1</use>
<logicalDatatype>LOGDT024</logicalDatatype>
<dataTypeSize>50 CHAR</dataTypeSize>
<ownDataTypeParameters>50 CHAR,,</ownDataTypeParameters>
<autoIncrementCycle>false</autoIncrementCycle>
</Column>
<Column name="descricao" id="368836D6-C55A-27C4-9E2E-0B60F2699BD5">
<createdBy>Usuario</createdBy>
<createdTime>2024-05-09 00:04:00 UTC</createdTime>
<ownerDesignName>Modelo lógico BD TCC</ownerDesignName>
<nullsAllowed>true</nullsAllowed>
<useDomainConstraints>false</useDomainConstraints>
<use>1</use>
<logicalDatatype>LOGDT024</logicalDatatype>
<dataTypeSize>150 CHAR</dataTypeSize>
<ownDataTypeParameters>150 CHAR,,</ownDataTypeParameters>
<autoIncrementCycle>false</autoIncrementCycle>
</Column>
</columns>
<indexes itemClass="oracle.dbtools.crest.model.design.relational.Index">
<ind_PK_UK id="0F94661E-A285-2A90-163C-32CD3FD7F22E" name="empresa_PKv1">
<createdBy>Usuario</createdBy>
<createdTime>2024-05-09 00:13:50 UTC</createdTime>
<ownerDesignName>Modelo lógico BD TCC</ownerDesignName>
<pk>true</pk>
<indexState>Primary Constraint</indexState>
<isSurrogateKey>false</isSurrogateKey>
<indexColumnUsage>
<colUsage columnID="B7FAE909-C249-982C-890C-C5394E4CFDDB"/>
</indexColumnUsage>
</ind_PK_UK>
</indexes>
</Table>