<?xml version = '1.0' encoding = 'UTF-8'?>
<FKIndexAssociation class="oracle.dbtools.crest.model.design.relational.FKIndexAssociation" directorySegmentName="seg_0" id="05D02C79-7249-1277-CCCE-A609CD1ABA46" containerWithKeyObject="44AE573A-F907-E205-36DD-4C917EE77260" localFKIndex="CEC0262F-4523-FFD6-C5FA-42F377266492" name="item_descarte_empresa_FK">
<createdBy>Usuario</createdBy>
<createdTime>2024-05-09 00:27:12 UTC</createdTime>
<ownerDesignName>Modelo lógico BD TCC</ownerDesignName>
<referredTableLongName>empresa</referredTableLongName>
<deleteRule>NO ACTION</deleteRule>
<referredTableID>DDB8DCF0-48CF-771C-EFD4-46CE0782778E</referredTableID>
<keyObject>0F94661E-A285-2A90-163C-32CD3FD7F22E</keyObject>
<referredKeyID>0F94661E-A285-2A90-163C-32CD3FD7F22E</referredKeyID>
<mandatory>true</mandatory>
<refColNames>id</refColNames>
<transferable>true</transferable>
<rely>false</rely>
<columnDependencyConstraintGenerateInDDL>true</columnDependencyConstraintGenerateInDDL>
</FKIndexAssociation>