<?xml version = '1.0' encoding = 'UTF-8'?>
<FKIndexAssociation class="oracle.dbtools.crest.model.design.relational.FKIndexAssociation" directorySegmentName="seg_0" id="0C0836B1-3742-785F-514C-42F69FEBA953" containerWithKeyObject="88D5C475-18ED-7D84-D7E6-5F9294FBF8F6" localFKIndex="05429F90-2FD6-8FF8-A09C-381B3BD47850" name="bairro_cidade_FK">
<createdBy>Usuario</createdBy>
<createdTime>2024-05-09 00:15:10 UTC</createdTime>
<ownerDesignName>Modelo lógico BD TCC</ownerDesignName>
<referredTableLongName>cidade</referredTableLongName>
<deleteRule>NO ACTION</deleteRule>
<referredTableID>52A35075-489E-951F-528F-70D1732BEC75</referredTableID>
<keyObject>ECC36EF3-5E1E-3E85-A646-C2950463C330</keyObject>
<referredKeyID>ECC36EF3-5E1E-3E85-A646-C2950463C330</referredKeyID>
<mandatory>true</mandatory>
<refColNames>id</refColNames>
<transferable>true</transferable>
<rely>false</rely>
<columnDependencyConstraintGenerateInDDL>true</columnDependencyConstraintGenerateInDDL>
</FKIndexAssociation>