<?xml version = '1.0' encoding = 'UTF-8'?>
<FKIndexAssociation class="oracle.dbtools.crest.model.design.relational.FKIndexAssociation" directorySegmentName="seg_0" id="35442413-5134-E030-E41D-01060B041BB7" containerWithKeyObject="CA9642B4-2B40-EACF-9B11-FBA0E1E8A3EE" localFKIndex="9451553B-55E9-5713-2951-EE26EEB1A625" name="consultor_pessoa_FK">
<createdBy>Usuario</createdBy>
<createdTime>2024-05-09 00:20:56 UTC</createdTime>
<ownerDesignName>Modelo lógico BD TCC</ownerDesignName>
<referredTableLongName>pessoa</referredTableLongName>
<deleteRule>NO ACTION</deleteRule>
<referredTableID>2277050E-CBC1-BC85-C6C8-166D7B133872</referredTableID>
<keyObject>A781ECE0-4FDC-2B3A-0818-AB5DD90E16A3</keyObject>
<referredKeyID>A781ECE0-4FDC-2B3A-0818-AB5DD90E16A3</referredKeyID>
<mandatory>true</mandatory>
<refColNames>id</refColNames>
<transferable>true</transferable>
<rely>false</rely>
<columnDependencyConstraintGenerateInDDL>true</columnDependencyConstraintGenerateInDDL>
</FKIndexAssociation>