<?xml version = '1.0' encoding = 'UTF-8'?>
<FKIndexAssociation class="oracle.dbtools.crest.model.design.relational.FKIndexAssociation" directorySegmentName="seg_0" id="36A2DA4B-68CA-D280-EB1E-254213AAE44D" containerWithKeyObject="991ED441-5F54-968C-74D6-B488ED58BC3F" localFKIndex="CDD870E4-152D-58E7-6DBA-CAB7F73E013F" name="contato_consultoria_usuario_FK">
<createdBy>Usuario</createdBy>
<createdTime>2024-05-09 00:35:33 UTC</createdTime>
<ownerDesignName>Modelo lógico BD TCC</ownerDesignName>
<referredTableLongName>usuario</referredTableLongName>
<deleteRule>NO ACTION</deleteRule>
<referredTableID>50441BC4-5F29-FDA8-2F01-4053D51AE9CF</referredTableID>
<keyObject>166EE58F-F2D7-A2D9-3DFD-A6EBC3561127</keyObject>
<referredKeyID>166EE58F-F2D7-A2D9-3DFD-A6EBC3561127</referredKeyID>
<mandatory>true</mandatory>
<refColNames>pessoa_id</refColNames>
<transferable>true</transferable>
<rely>false</rely>
<columnDependencyConstraintGenerateInDDL>true</columnDependencyConstraintGenerateInDDL>
</FKIndexAssociation>