<?xml version = '1.0' encoding = 'UTF-8'?>
<FKIndexAssociation class="oracle.dbtools.crest.model.design.relational.FKIndexAssociation" directorySegmentName="seg_0" id="48114422-1120-EF43-2FB2-5AF9430DA9DE" containerWithKeyObject="0E22E7B6-A0F5-1F5B-D292-A07364848318" localFKIndex="6B2A8AA0-8257-6D13-1732-0773E4EFEB28" name="local_descarte_endereco_FK">
<createdBy>Usuario</createdBy>
<createdTime>2024-05-09 00:31:37 UTC</createdTime>
<ownerDesignName>Modelo lógico BD TCC</ownerDesignName>
<referredTableLongName>endereco</referredTableLongName>
<deleteRule>NO ACTION</deleteRule>
<referredTableID>FE2A75D8-C506-7640-9AF1-634AB500DD52</referredTableID>
<keyObject>065F4B21-BFFC-B1A3-BDA0-BE8E6D4C0B26</keyObject>
<referredKeyID>065F4B21-BFFC-B1A3-BDA0-BE8E6D4C0B26</referredKeyID>
<mandatory>true</mandatory>
<refColNames>id</refColNames>
<transferable>true</transferable>
<rely>false</rely>
<columnDependencyConstraintGenerateInDDL>true</columnDependencyConstraintGenerateInDDL>
</FKIndexAssociation>