<?xml version = '1.0' encoding = 'UTF-8'?>
<FKIndexAssociation class="oracle.dbtools.crest.model.design.relational.FKIndexAssociation" directorySegmentName="seg_0" id="7CF731AC-4E8E-5CAA-0FAF-765B523E66FA" containerWithKeyObject="B5217F67-722C-B46B-1528-5D71B9379850" localFKIndex="F3C19E98-E802-962D-F765-FAB6C0B731A3" name="estado_pais_FK">
<createdBy>Usuario</createdBy>
<createdTime>2024-05-09 00:15:09 UTC</createdTime>
<ownerDesignName>Modelo lógico BD TCC</ownerDesignName>
<referredTableLongName>pais</referredTableLongName>
<deleteRule>NO ACTION</deleteRule>
<referredTableID>D9AFE0A1-C75C-8A68-7FA6-B85204A51D63</referredTableID>
<keyObject>59C0710D-AA1E-0D61-CDCD-CB75D0D9A270</keyObject>
<referredKeyID>59C0710D-AA1E-0D61-CDCD-CB75D0D9A270</referredKeyID>
<mandatory>true</mandatory>
<refColNames>id</refColNames>
<transferable>true</transferable>
<rely>false</rely>
<columnDependencyConstraintGenerateInDDL>true</columnDependencyConstraintGenerateInDDL>
</FKIndexAssociation>