<?xml version = '1.0' encoding = 'UTF-8'?>
<FKIndexAssociation class="oracle.dbtools.crest.model.design.relational.FKIndexAssociation" directorySegmentName="seg_0" id="89A8AC8A-DD5E-B213-0FE3-49EBEC6E9C87" containerWithKeyObject="24DD5072-6AF1-AA75-3852-D1E297AD91BD" localFKIndex="E08F9F04-B06C-E9C3-C757-37A34F6DC1CF" name="local_item_descarte_local_descarte_FK">
<createdBy>Usuario</createdBy>
<createdTime>2024-05-09 01:03:38 UTC</createdTime>
<ownerDesignName>Modelo lógico BD TCC</ownerDesignName>
<referredTableLongName>local_descarte</referredTableLongName>
<deleteRule>NO ACTION</deleteRule>
<referredTableID>0E22E7B6-A0F5-1F5B-D292-A07364848318</referredTableID>
<keyObject>A1336DBE-16C7-60EA-4AF8-2862027B1FE2</keyObject>
<referredKeyID>A1336DBE-16C7-60EA-4AF8-2862027B1FE2</referredKeyID>
<mandatory>true</mandatory>
<refColNames>id</refColNames>
<transferable>true</transferable>
<rely>false</rely>
<columnDependencyConstraintGenerateInDDL>true</columnDependencyConstraintGenerateInDDL>
</FKIndexAssociation>