<?xml version = '1.0' encoding = 'UTF-8'?>
<FKIndexAssociation class="oracle.dbtools.crest.model.design.relational.FKIndexAssociation" directorySegmentName="seg_0" id="963B6C6D-A0CC-949A-4F4B-A7AAAB5B562F" containerWithKeyObject="50441BC4-5F29-FDA8-2F01-4053D51AE9CF" localFKIndex="18B0ADE2-55B4-377D-C092-53C6BE76F1BF" name="usuario_pessoa_FK">
<createdBy>Usuario</createdBy>
<createdTime>2024-05-09 00:23:41 UTC</createdTime>
<ownerDesignName>Modelo lógico BD TCC</ownerDesignName>
<referredTableLongName>pessoa</referredTableLongName>
<deleteRule>NO ACTION</deleteRule>
<referredTableID>2277050E-CBC1-BC85-C6C8-166D7B133872</referredTableID>
<keyObject>A781ECE0-4FDC-2B3A-0818-AB5DD90E16A3</keyObject>
<referredKeyID>A781ECE0-4FDC-2B3A-0818-AB5DD90E16A3</referredKeyID>
<mandatory>true</mandatory>
<refColNames>id</refColNames>
<transferable>true</transferable>
<rely>false</rely>
<columnDependencyConstraintGenerateInDDL>true</columnDependencyConstraintGenerateInDDL>
</FKIndexAssociation>