<?xml version = '1.0' encoding = 'UTF-8'?>
<relationalModel class="oracle.dbtools.crest.model.design.relational.RelationalDesign" name="Relational_1" id="5F9AC24D-FF40-8444-59BB-846B7D1F2ECE" mainViewID="1CD27F03-3893-6C40-C94E-45FEB01B0A58">
<createdBy>Usuario</createdBy>
<createdTime>2024-05-08 22:49:11 UTC</createdTime>
<ownerDesignName>Modelo lógico BD TCC</ownerDesignName>
<shouldBeOpen>false</shouldBeOpen>
<selectedRDBMSSite>32076570-2523-435C-2E92-BF29817DFF70</selectedRDBMSSite>
</relationalModel>